mean,median,stdeviation,variance,min,max
29601212.324530516,7023595.5,106157896.7439147,11269499041091654,60011,1318683096
